nofinessej;rsej;eml;libeml;noautor;noautorarhgos;noimplarhgos;dateautor;nofinesset;datemeo
690055850;SAS VASELINA;05701;Caméra à scintillation sans détecteur d'émission de positons;842609682;84-82-3888;84-82-3888;2002-06-12;010011112;2005-08-31
690055850;SAS VASELINA;05705;Tomographe à émissions;842609683;84-82-69130;84-82-69130;2019-01-16;010011112;2020-10-05
690055850;SAS VASELINA;05701;Caméra à scintillation sans détecteur d'émission de positons;842609687;84-82-3887;84-82-3887;2001-12-12;010011112;2003-11-26
020002549;SCM CBGD;05701;Caméra à scintillation sans détecteur d'émission de positons;322609467;32-22-652;32-22-652;2007-07-20;020002598;2008-08-07
020002549;SCM CBGD;05701;Caméra à scintillation sans détecteur d'émission de positons;322609468;32-22-653;32-22-653;2002-11-25;020002598;2005-09-23
020007779;SCM CENTRE EXPLORATIONS ISOTOPIQUES;05705;Tomographe à émissions;322609469;32-22-40491;32-22-40491;2007-11-28;020007829;2007-11-28
020007779;SCM CENTRE EXPLORATIONS ISOTOPIQUES;05701;Caméra à scintillation sans détecteur d'émission de positons;322609470;32-22-633;32-22-633;2004-05-12;020007829;2005-03-24
020007779;SCM CENTRE EXPLORATIONS ISOTOPIQUES;05701;Caméra à scintillation sans détecteur d'émission de positons;322609471;32-22-660;32-22-660;2007-11-30;020007829;2008-12-14
800019317;SELAS D'IMAGERIE SCINTIGRAPHIQUE;05705;Tomographe à émissions;322609763;32-22-867;32-22-867;2010-05-31;020018677;2022-03-17
800019317;SELAS D'IMAGERIE SCINTIGRAPHIQUE;05701;Caméra à scintillation sans détecteur d'émission de positons;322609840;32-22-76725;32-22-76725;2022-10-18;020018677;
030780100;CH DE MONTLUCON NERIS-LES-BAINS;05701;Caméra à scintillation sans détecteur d'émission de positons;842609472;84-83-35829;84-83-35829;1994-10-18;030000079;2015-11-16
030780100;CH DE MONTLUCON NERIS-LES-BAINS;05705;Tomographe à émissions;842609816;84-83-75953;84-83-75953;2022-02-23;030000079;
060780962;CENTRE ANTOINE LACASSAGNE;06301;Cyclotron à utilisation médicale;932609476;93-93-1884;93-93-1884;1987-01-06;060000528;1998-08-03
060780962;CENTRE ANTOINE LACASSAGNE;06301;Cyclotron à utilisation médicale;932609475;93-93-43453;93-93-43453;2012-06-28;060024551;2016-09-14
060021664;GIE MOUGINS TEP SITE HP TZANCK;05705;Tomographe à émissions;932609473;93-93-66011;93-93-66011;2018-04-12;060026184;2018-09-10
060021664;GIE MOUGINS TEP SITE HP TZANCK;05705;Tomographe à émissions;932609474;93-93-4824;93-93-4824;2010-07-13;060026184;2010-07-13
060785011;CTRE HOSPITALIER UNIVERSITAIRE DE NICE;44901;Caisson hyperbare;932609477;93-93-1944;93-93-1944;2003-03-12;060785003;2003-03-12
100010016;"GCS ""TEP SUD CHAMPAGNE-GCS MOYENS""";05705;Tomographe à émissions;442609478;44-21-50846;44-21-50846;2014-05-28;100010024;2018-05-28
130037823;HOPITAL PRIVE CLAIRVAL;44901;Caisson hyperbare;932609479;93-93-3793;93-93-3793;1988-03-15;130784051;2000-07-03
130786049;APHM DIRECTION GENERALE;44901;Caisson hyperbare;932609480;93-93-1909;93-93-1909;2001-03-23;130784234;2004-05-04
150000271;CTRE MEDICO-CHIRURGICAL DE TRONQUIERES;05701;Caméra à scintillation sans détecteur d'émission de positons;842609481;84-83-35924;84-83-35924;2003-02-18;150780732;2007-12-21
150000271;CTRE MEDICO-CHIRURGICAL DE TRONQUIERES;05705;Tomographe à émissions;842609815;84-83-75952;84-83-75952;2022-02-23;150780732;2024-09-23
180000887;HOPITAL PRIVE GUILLAUME DE VARYE;05705;Tomographe à émissions;242609482;24-24-72176;24-24-72176;2019-10-11;180004145;2022-01-06
180000887;HOPITAL PRIVE GUILLAUME DE VARYE;05705;Tomographe à émissions;242609483;24-24-1409;24-24-1409;2010-02-05;180004145;2012-02-01
210001343;CENTRE DE MEDECINE NUCLEAIRE DU PARC;05701;Caméra à scintillation sans détecteur d'émission de positons;272609489;27-26-35561;27-26-35561;2010-12-24;210987517;2011-03-28
210001343;CENTRE DE MEDECINE NUCLEAIRE DU PARC;05701;Caméra à scintillation sans détecteur d'émission de positons;272609491;27-26-35652;27-26-35652;2006-12-14;210987517;2007-07-05
210001343;CENTRE DE MEDECINE NUCLEAIRE DU PARC;05705;Tomographe à émissions;272609492;27-26-59735;27-26-59735;2016-06-29;210987517;2017-01-30
210780417;CRLCC GEORGES-FRANCOIS LECLERC;05705;Tomographe à émissions;272609493;27-26-59292;27-26-59292;2016-03-31;210987731;2017-08-01
210780417;CRLCC GEORGES-FRANCOIS LECLERC;05701;Caméra à scintillation sans détecteur d'émission de positons;272609494;27-26-35558;27-26-35558;2005-03-25;210987731;2005-03-25
210780417;CRLCC GEORGES-FRANCOIS LECLERC;05702;Caméra à scintillation avec détecteur d'émission de positons;272609495;27-26-35656;27-26-35656;2008-11-19;210987731;2010-02-19
210780417;CRLCC GEORGES-FRANCOIS LECLERC;05705;Tomographe à émissions;272609496;27-26-35565;27-26-35565;2010-08-26;210987731;2011-09-29
210780417;CRLCC GEORGES-FRANCOIS LECLERC;05701;Caméra à scintillation sans détecteur d'émission de positons;272609497;27-26-35559;27-26-35559;2010-07-23;210987731;2011-07-18
220000020;CH DE SAINT BRIEUC PAIMPOL TREGUIER;05701;Caméra à scintillation sans détecteur d'émission de positons;532609498;53-53-1098;53-53-1098;2005-02-08;220000012;2005-09-09
220000020;CH DE SAINT BRIEUC PAIMPOL TREGUIER;05701;Caméra à scintillation sans détecteur d'émission de positons;532609499;53-53-1099;53-53-1099;2005-02-08;220000012;2005-09-09
220025167;GCS PARTENARIAT MED NUCLEAIRE D'ARMOR;05705;Tomographe à émissions;532609500;53-53-1231;53-53-1231;2008-11-27;220025175;2012-06-28
220025167;GCS PARTENARIAT MED NUCLEAIRE D'ARMOR;05705;Tomographe à émissions;532609813;53-53-76613;53-53-76613;2022-03-04;220025175;2024-09-09
240018424;TEPSCAN-FRANCHEVILLE;05705;Tomographe à émissions;752609501;75-72-74928;75-72-74928;2018-03-27;240018465;2022-11-29
250000643;SAS CLINIQUE SAINT VINCENT;05701;Caméra à scintillation sans détecteur d'émission de positons;272609507;27-43-35643;27-43-35643;2001-12-03;250000270;2001-12-03
250000643;SAS CLINIQUE SAINT VINCENT;05701;Caméra à scintillation sans détecteur d'émission de positons;272609508;27-43-35732;27-43-35732;2003-12-15;250000270;2006-04-07
250000015;CHU BESANCON;05705;Tomographe à émissions;272609502;27-43-35631;27-43-35631;2001-03-29;250006954;2003-04-15
250000015;CHU BESANCON;05705;Tomographe à émissions;272609503;27-43-71571;27-43-71571;2019-07-25;250006954;2020-10-26
250000015;CHU BESANCON;05701;Caméra à scintillation sans détecteur d'émission de positons;272609504;27-43-35729;27-43-35729;2010-02-24;250006954;2011-02-18
250000015;CHU BESANCON;05701;Caméra à scintillation sans détecteur d'émission de positons;272609505;27-43-35637;27-43-35637;2003-12-15;250006954;2016-05-30
250000015;CHU BESANCON;05701;Caméra à scintillation sans détecteur d'émission de positons;272609506;27-43-35641;27-43-35641;2003-12-15;250006954;2003-12-15
260000021;CH DE VALENCE;05701;Caméra à scintillation sans détecteur d'émission de positons;842609509;84-82-1839;84-82-1839;2002-11-13;260000013;2005-10-05
260000021;CH DE VALENCE;05701;Caméra à scintillation sans détecteur d'émission de positons;842609510;84-82-1820;84-82-1820;2004-11-11;260000013;2006-01-03
260000021;CH DE VALENCE;05701;Caméra à scintillation sans détecteur d'émission de positons;842609511;84-82-1838;84-82-1838;2000-12-27;260000013;2002-02-04
260000021;CH DE VALENCE;05705;Tomographe à émissions;842609512;84-82-1760;84-82-1760;2004-10-13;260000013;2009-05-25
260000021;CH DE VALENCE;05701;Caméra à scintillation sans détecteur d'émission de positons;842609513;84-82-1819;84-82-1819;2004-11-10;260000013;2005-07-16
260000021;CH DE VALENCE;05705;Tomographe à émissions;842609817;84-82-75951;84-82-75951;2022-02-23;260000013;
290000017;CHRU BREST;05701;Caméra à scintillation sans détecteur d'émission de positons;532609516;53-53-1119;53-53-1119;2003-02-04;290000058;2007-03-08
290000017;CHRU BREST;05705;Tomographe à émissions;532609514;53-53-1052;53-53-1052;2001-08-02;290004324;2003-01-30
290000017;CHRU BREST;05705;Tomographe à émissions;532609515;53-53-52508;53-53-52508;2014-11-27;290004324;2015-02-27
290000017;CHRU BREST;05705;Tomographe à émissions;532609517;53-53-72614;53-53-72614;2019-11-28;290004324;2024-01-17
290000017;CHRU BREST;44901;Caisson hyperbare;532609518;53-53-1108;53-53-1108;1998-06-06;290004324;1998-07-22
290000017;CHRU BREST;05701;Caméra à scintillation sans détecteur d'émission de positons;532609519;53-53-73764;53-53-73764;2020-05-29;290004324;2021-12-07
290000017;CHRU BREST;05701;Caméra à scintillation sans détecteur d'émission de positons;532609520;53-53-1124;53-53-1124;2008-04-01;290004324;2008-07-18
290000017;CHRU BREST;05701;Caméra à scintillation sans détecteur d'émission de positons;532609521;53-53-1083;53-53-1083;2001-01-12;290004324;2003-04-18
290000017;CHRU BREST;05701;Caméra à scintillation sans détecteur d'émission de positons;532609522;53-53-1395;53-53-1395;2010-05-06;290004324;2011-02-09
290021963;CENTRE DE MEDECINE NUCLEAIRE;05705;Tomographe à émissions;532609523;53-53-68519;53-53-68519;2018-12-27;290017979;2021-02-08
290021963;CENTRE DE MEDECINE NUCLEAIRE;05701;Caméra à scintillation sans détecteur d'émission de positons;532609524;53-53-1117;53-53-1117;2005-07-05;290017979;2007-03-06
290021963;CENTRE DE MEDECINE NUCLEAIRE;05705;Tomographe à émissions;532609525;53-53-47150;53-53-47150;2012-11-30;290017979;2014-09-10
290021963;CENTRE DE MEDECINE NUCLEAIRE;05701;Caméra à scintillation sans détecteur d'émission de positons;532609526;53-53-76856;53-53-76856;2022-11-22;290017979;2023-01-31
290021963;CENTRE DE MEDECINE NUCLEAIRE;05701;Caméra à scintillation sans détecteur d'émission de positons;532609527;53-53-1118;53-53-1118;2005-07-05;290017979;2007-02-12
2A0000014;CENTRE HOSPITALIER D'AJACCIO;05701;Caméra à scintillation sans détecteur d'émission de positons;942609528;94-94-45201;94-94-45201;2006-10-31;2A0005468;2013-12-11
2A0000014;CENTRE HOSPITALIER D'AJACCIO;05701;Caméra à scintillation sans détecteur d'émission de positons;942609529;94-94-35947;94-94-35947;1995-06-30;2A0005468;1999-03-22
2B0001358;SARL CORSCINTIGRAPHIE;05701;Caméra à scintillation sans détecteur d'émission de positons;942609530;94-94-35955;94-94-35955;2004-04-27;2B0003008;2007-03-16
2B0001358;SARL CORSCINTIGRAPHIE;05701;Caméra à scintillation sans détecteur d'émission de positons;942609818;94-94-76967;94-94-76967;2022-12-13;2B0003008;2024-01-15
300780038;CHU NIMES;05602;Scanographe à utilisation médicale;762609531;76-91-59787;76-91-59787;2016-07-28;300782117;2016-10-19
300780038;CHU NIMES;06201;Appareil d'IRM à utilisation clinique;762609532;76-91-1082;76-91-1082;2007-05-23;300782117;2007-06-26
300780038;CHU NIMES;06201;Appareil d'IRM à utilisation clinique;762609533;76-91-71291;76-91-71291;2019-06-28;300782117;2021-10-20
300780038;CHU NIMES;05602;Scanographe à utilisation médicale;762609534;76-91-1078;76-91-1078;2007-06-27;300782117;2009-03-17
300780038;CHU NIMES;06201;Appareil d'IRM à utilisation clinique;762609535;76-91-1047;76-91-1047;2007-05-23;300782117;2009-05-05
310781406;CHU TOULOUSE;44901;Caisson hyperbare;762609536;76-73-1072;76-73-1072;2006-05-28;310783048;2007-05-28
330052309;SAS SCANNER POLYCLINIQUE BX RIVE DROIT;05602;Scanographe à utilisation médicale;752609541;75-72-46887;75-72-46887;2013-06-20;330058447;2015-10-23
330029539;SAS DE L'IRM SAINT AUGUSTIN;06201;Appareil d'IRM à utilisation clinique;752609539;75-72-41697;75-72-41697;2010-10-18;330060468;2012-08-14
330029539;SAS DE L'IRM SAINT AUGUSTIN;06201;Appareil d'IRM à utilisation clinique;752609540;75-72-71083;75-72-71083;2019-05-28;330060468;2022-01-03
330804030;SA TDMR D'AQUITAINE;05602;Scanographe à utilisation médicale;752609547;75-72-35865;75-72-35865;2007-03-27;330060476;2007-08-07
330804030;SA TDMR D'AQUITAINE;05602;Scanographe à utilisation médicale;752609545;75-72-35771;75-72-35771;2005-05-03;330060518;2009-06-20
330022658;SCM IMAGERIE CLINIQUE DU SPORT;05602;Scanographe à utilisation médicale;752609537;75-72-77641;75-72-77641;2023-04-24;330060526;2023-09-04
330029489;SARL DU SCANNER DE SAINT MARTIN;05602;Scanographe à utilisation médicale;752609538;75-72-35761;75-72-35761;2010-10-18;330060559;2011-10-07
330804030;SA TDMR D'AQUITAINE;06201;Appareil d'IRM à utilisation clinique;752609546;75-72-35850;75-72-35850;2008-04-08;330060567;2008-07-21
330804030;SA TDMR D'AQUITAINE;06201;Appareil d'IRM à utilisation clinique;752609548;75-72-76408;75-72-76408;2021-12-17;330060567;2022-06-02
330060849;GROUPEMENT IRM 3T BORDEAUX RIVE DROITE;06201;Appareil d'IRM à utilisation clinique;752609542;75-72-72173;75-72-72173;2019-05-24;330060856;2019-11-04
750810814;SERVICE DE SANTE DES ARMEES;06201;Appareil d'IRM à utilisation clinique;112609734;75-72-46681;75-72-46681;2013-04-02;330781303;2013-04-02
750810814;SERVICE DE SANTE DES ARMEES;05602;Scanographe à utilisation médicale;112609735;75-72-46682;75-72-46682;2013-04-02;330781303;2013-04-02
330781196;CHU DE BORDEAUX;05705;Tomographe à émissions;752609544;75-72-75769;75-72-75769;2021-12-17;330781337;2022-02-16
330781196;CHU DE BORDEAUX;44901;Caisson hyperbare;752609543;75-72-45424;75-72-45424;2004-04-06;330781360;2007-04-19
350023503;CENTRE REGIONAL DE LUTTE CONTRE CANCER;05701;Caméra à scintillation sans détecteur d'émission de positons;532609553;53-53-1065;53-53-1065;2001-06-25;350002812;2003-05-06
350023503;CENTRE REGIONAL DE LUTTE CONTRE CANCER;05701;Caméra à scintillation sans détecteur d'émission de positons;532609554;53-53-1080;53-53-1080;2003-09-15;350002812;2003-09-15
350023503;CENTRE REGIONAL DE LUTTE CONTRE CANCER;05701;Caméra à scintillation sans détecteur d'émission de positons;532609555;53-53-1085;53-53-1085;2004-02-03;350002812;2007-10-26
350023503;CENTRE REGIONAL DE LUTTE CONTRE CANCER;05705;Tomographe à émissions;532609556;53-53-1235;53-53-1235;1998-12-29;350002812;2004-05-25
350004354;SELAS CENTRE D'EXPLORATION ISOTOPIQUE;05701;Caméra à scintillation sans détecteur d'émission de positons;532609549;53-53-73767;53-53-73767;2020-05-29;350033148;2022-09-01
350004354;SELAS CENTRE D'EXPLORATION ISOTOPIQUE;05701;Caméra à scintillation sans détecteur d'émission de positons;532609550;53-53-1050;53-53-1050;2000-12-29;350033148;2001-03-01
350004354;SELAS CENTRE D'EXPLORATION ISOTOPIQUE;05705;Tomographe à émissions;532609551;53-53-1233;53-53-1233;2017-06-30;350033148;2007-12-10
350004354;SELAS CENTRE D'EXPLORATION ISOTOPIQUE;05701;Caméra à scintillation sans détecteur d'émission de positons;532609552;53-53-1084;53-53-1084;2017-04-11;350033148;2006-09-25
350039863;GCS CIMCE;05705;Tomographe à émissions;532609557;53-53-72076;53-53-72076;2019-10-08;350039871;2024-09-10
350039863;GCS CIMCE;05701;Caméra à scintillation sans détecteur d'émission de positons;532609558;53-53-73768;53-53-73768;2020-05-29;350039871;2021-09-13
350039863;GCS CIMCE;05701;Caméra à scintillation sans détecteur d'émission de positons;532609559;53-53-1236;53-53-1236;2004-02-03;350039871;2005-10-12
350039863;GCS CIMCE;05705;Tomographe à émissions;532609560;53-53-76869;53-53-76869;2022-11-28;350039871;2023-07-10
350050522;GIE IMAGER;05705;Tomographe à émissions;532609563;53-53-52512;53-53-52512;2014-11-27;350050530;2017-02-22
350050522;GIE IMAGER;05705;Tomographe à émissions;532609561;53-53-68520;53-53-68520;2018-12-27;350053203;2019-05-06
350050522;GIE IMAGER;05705;Tomographe à émissions;532609562;53-53-74142;53-53-74142;2020-11-09;350053203;2022-09-16
350004354;SELAS CENTRE D'EXPLORATION ISOTOPIQUE;05701;Caméra à scintillation sans détecteur d'émission de positons;532609820;53-53-77005;53-53-77005;2022-12-29;350056446;
350050522;GIE IMAGER;05705;Tomographe à émissions;532609822;53-53-77073;53-53-77073;2022-12-29;350056453;
380780080;CHU GRENOBLE ALPES;05705;Tomographe à émissions;842609567;84-82-1732;84-82-1732;2001-04-05;380000067;2002-10-24
380780080;CHU GRENOBLE ALPES;05701;Caméra à scintillation sans détecteur d'émission de positons;842609568;84-82-1815;84-82-1815;2004-05-12;380000067;2017-12-13
380780080;CHU GRENOBLE ALPES;05701;Caméra à scintillation sans détecteur d'émission de positons;842609569;84-82-1816;84-82-1816;2004-05-13;380000067;2017-12-13
380780080;CHU GRENOBLE ALPES;05701;Caméra à scintillation sans détecteur d'émission de positons;842609570;84-82-1835;84-82-1835;2008-03-12;380000067;2001-01-30
380780080;CHU GRENOBLE ALPES;05701;Caméra à scintillation sans détecteur d'émission de positons;842609571;84-82-1860;84-82-1860;2007-07-11;380000067;2008-02-07
380780080;CHU GRENOBLE ALPES;05705;Tomographe à émissions;842609823;84-82-75950;84-82-75950;2022-02-23;380000067;
380006338;SELARL SCINTEP;05705;Tomographe à émissions;842609564;84-82-1784;84-82-1784;2006-12-13;380802900;2009-01-12
380006338;SELARL SCINTEP;05701;Caméra à scintillation sans détecteur d'émission de positons;842609565;84-82-1837;84-82-1837;2005-11-09;380802900;2005-08-23
380006338;SELARL SCINTEP;05701;Caméra à scintillation sans détecteur d'émission de positons;842609566;84-82-1836;84-82-1836;1998-12-28;380802900;1999-10-28
690055850;SAS VASELINA;05701;Caméra à scintillation sans détecteur d'émission de positons;842609572;27-43-35739;27-43-35739;2004-06-21;390003739;2009-03-09
390007920;CENTRE MEDICAL MOBILE;05602;Scanographe à utilisation médicale;272609573;27-43-71140;27-43-71140;2019-05-22;390007938;2020-06-23
420018814;SAS COMAPIX;05701;Caméra à scintillation sans détecteur d'émission de positons;842609575;84-82-50758;84-82-50758;2014-05-19;420002651;2014-09-29
420018814;SAS COMAPIX;05705;Tomographe à émissions;842609578;84-82-70215;84-82-70215;2019-02-27;420002651;2025-08-25
420018814;SAS COMAPIX;05701;Caméra à scintillation sans détecteur d'émission de positons;842609579;84-82-1801;84-82-1801;2005-11-09;420002651;2007-02-09
420784878;CHU DE SAINT-ETIENNE;05701;Caméra à scintillation sans détecteur d'émission de positons;842609582;84-82-4738;84-82-4738;1993-10-04;420785354;1997-04-15
420784878;CHU DE SAINT-ETIENNE;05701;Caméra à scintillation sans détecteur d'émission de positons;842609583;84-82-65470;84-82-65470;2017-06-30;420785354;2017-11-22
420784878;CHU DE SAINT-ETIENNE;05705;Tomographe à émissions;842609584;84-82-1730;84-82-1730;2003-07-04;420785354;2017-06-06
420784878;CHU DE SAINT-ETIENNE;05701;Caméra à scintillation sans détecteur d'émission de positons;842609585;84-82-4734;84-82-4734;1992-11-16;420785354;1993-09-01
420784878;CHU DE SAINT-ETIENNE;05705;Tomographe à émissions;842609825;84-82-70356;84-82-70356;2019-03-21;420785354;
420018814;SAS COMAPIX;05701;Caméra à scintillation sans détecteur d'émission de positons;842609576;84-82-1864;84-82-1864;2006-12-13;420790024;2007-06-20
420018814;SAS COMAPIX;05701;Caméra à scintillation sans détecteur d'émission de positons;842609577;84-82-1818;84-82-1818;2001-12-31;420790024;2005-06-13
420018814;SAS COMAPIX;05701;Caméra à scintillation sans détecteur d'émission de positons;842609580;84-82-1866;84-82-1866;2006-12-13;420790024;2007-06-20
420018814;SAS COMAPIX;05705;Tomographe à émissions;842609581;84-82-4166;84-82-4166;2007-07-11;420790024;2008-07-02
420018814;SAS COMAPIX;05701;Caméra à scintillation sans détecteur d'émission de positons;842609574;84-83-35927;84-83-35927;2009-04-22;430008573;2009-04-22
420018814;SAS COMAPIX;05705;Tomographe à émissions;842609824;84-83-77678;84-83-77678;2022-02-23;430008573;2026-01-13
470000324;CENTRE HOSPITALIER;05602;Scanographe à utilisation médicale;752609586;75-72-35889;75-72-35889;2004-04-06;470000431;2005-10-18
470000324;CENTRE HOSPITALIER;05602;Scanographe à utilisation médicale;752609826;75-72-77600;75-72-77600;2023-05-30;470000431;
490000031;CHU ANGERS;44901;Caisson hyperbare;522609587;52-52-913;52-52-913;2008-06-10;490000049;2009-06-10
560003337;CENTRE DE MEDECINE NUCLEAIRE MORBIHAN;05701;Caméra à scintillation sans détecteur d'émission de positons;532609589;53-53-1058;53-53-1058;1999-06-04;560009839;2003-06-17
560003337;CENTRE DE MEDECINE NUCLEAIRE MORBIHAN;05701;Caméra à scintillation sans détecteur d'émission de positons;532609591;53-53-73766;53-53-73766;2020-05-29;560009839;2020-11-02
560003337;CENTRE DE MEDECINE NUCLEAIRE MORBIHAN;05705;Tomographe à émissions;532609593;53-53-1106;53-53-1106;2006-01-31;560009839;2011-02-18
560003337;CENTRE DE MEDECINE NUCLEAIRE MORBIHAN;05701;Caméra à scintillation sans détecteur d'émission de positons;532609594;53-53-1240;53-53-1240;1997-12-08;560009839;2023-10-17
560003337;CENTRE DE MEDECINE NUCLEAIRE MORBIHAN;05705;Tomographe à émissions;532609828;53-53-77534;53-53-77534;2023-05-09;560009839;
560003337;CENTRE DE MEDECINE NUCLEAIRE MORBIHAN;05705;Tomographe à émissions;532609588;53-53-53072;53-53-53072;2015-03-17;560026700;2018-03-13
560003337;CENTRE DE MEDECINE NUCLEAIRE MORBIHAN;05701;Caméra à scintillation sans détecteur d'émission de positons;532609590;53-53-1116;53-53-1116;2007-04-11;560026700;2007-09-06
560003337;CENTRE DE MEDECINE NUCLEAIRE MORBIHAN;05701;Caméra à scintillation sans détecteur d'émission de positons;532609592;53-53-1056;53-53-1056;2000-09-06;560026700;2009-03-11
560003337;CENTRE DE MEDECINE NUCLEAIRE MORBIHAN;05701;Caméra à scintillation sans détecteur d'émission de positons;532609814;53-53-76911;53-53-76911;2022-11-28;560026700;2024-02-14
560003337;CENTRE DE MEDECINE NUCLEAIRE MORBIHAN;05705;Tomographe à émissions;532609827;53-53-77533;53-53-77533;2023-05-09;560026700;
350004354;SELAS CENTRE D'EXPLORATION ISOTOPIQUE;05701;Caméra à scintillation sans détecteur d'émission de positons;532609819;53-53-77003;53-53-77003;2022-12-29;560031163;2025-07-08
350004354;SELAS CENTRE D'EXPLORATION ISOTOPIQUE;05705;Tomographe à émissions;532609821;53-53-77004;53-53-77004;2022-12-29;560031163;2025-07-08
750810814;SERVICE DE SANTE DES ARMEES;06201;Appareil d'IRM à utilisation clinique;112609736;44-41-47856;44-41-47856;2013-04-02;570000596;2013-04-02
750810814;SERVICE DE SANTE DES ARMEES;05602;Scanographe à utilisation médicale;112609737;44-41-47857;44-41-47857;2013-04-02;570000596;2013-04-02
580780039;CHI AGGLOMERATION DE NEVERS;05701;Caméra à scintillation sans détecteur d'émission de positons;272609595;27-26-35659;27-26-35659;2005-03-25;580972693;2007-03-11
580780039;CHI AGGLOMERATION DE NEVERS;05705;Tomographe à émissions;272609596;27-26-35657;27-26-35657;2006-01-31;580972693;2008-05-21
580780039;CHI AGGLOMERATION DE NEVERS;05701;Caméra à scintillation sans détecteur d'émission de positons;272609597;27-26-35658;27-26-35658;2006-12-14;580972693;2006-12-14
590780334;CLCC OSCAR LAMBRET LILLE;05701;Caméra à scintillation sans détecteur d'émission de positons;322609633;32-31-1173;32-31-1173;2003-03-18;590000188;2004-11-26
590780334;CLCC OSCAR LAMBRET LILLE;05701;Caméra à scintillation sans détecteur d'émission de positons;322609634;32-31-1177;32-31-1177;2003-12-17;590000188;2004-09-18
590780334;CLCC OSCAR LAMBRET LILLE;05705;Tomographe à émissions;322609635;32-31-1293;32-31-1293;1999-12-30;590000188;2001-03-20
590782215;CH DE  VALENCIENNES;05705;Tomographe à émissions;322609636;32-31-46719;32-31-46719;2013-01-14;590000618;2013-12-26
590782215;CH DE  VALENCIENNES;05701;Caméra à scintillation sans détecteur d'émission de positons;322609637;32-31-53248;32-31-53248;2008-01-01;590000618;2008-01-01
590782215;CH DE  VALENCIENNES;05701;Caméra à scintillation sans détecteur d'émission de positons;322609638;32-31-64055;32-31-64055;2017-04-07;590000618;2021-04-05
590782215;CH DE  VALENCIENNES;05701;Caméra à scintillation sans détecteur d'émission de positons;322609639;32-31-1224;32-31-1224;1999-12-30;590000618;2001-05-31
590782215;CH DE  VALENCIENNES;05705;Tomographe à émissions;322609640;32-31-1214;32-31-1214;2003-02-17;590000618;2006-10-06
590035929;SA NUCLERIDIS DUNKERQUE;05701;Caméra à scintillation sans détecteur d'émission de positons;322609607;32-31-1202;32-31-1202;2004-06-15;590035978;2005-01-15
590035929;SA NUCLERIDIS DUNKERQUE;05701;Caméra à scintillation sans détecteur d'émission de positons;322609608;32-31-1201;32-31-1201;2002-07-09;590035978;2004-09-23
590055802;GIE TEP GAMMA DES FLANDRES;05705;Tomographe à émissions;322609619;32-31-49093;32-31-49093;2013-11-08;590055810;2017-04-12
590055802;GIE TEP GAMMA DES FLANDRES;05702;Caméra à scintillation avec détecteur d'émission de positons;322609620;32-31-49094;32-31-49094;2013-12-17;590055810;2017-04-12
590006045;SCM CLINIQUE RADIOLOGIQUE DU PARC;05701;Caméra à scintillation sans détecteur d'émission de positons;322609598;32-31-1287;32-31-1287;1999-12-30;590061834;2000-03-01
590006045;SCM CLINIQUE RADIOLOGIQUE DU PARC;05701;Caméra à scintillation sans détecteur d'émission de positons;322609599;32-31-1286;32-31-1286;1997-11-07;590061834;2001-10-11
590006359;SCP DES MEDECINS - CIN LILLE;05701;Caméra à scintillation sans détecteur d'émission de positons;322609600;32-31-1299;32-31-1299;2001-12-18;590061842;2004-04-21
590006359;SCP DES MEDECINS - CIN LILLE;05701;Caméra à scintillation sans détecteur d'émission de positons;322609601;32-31-1298;32-31-1298;1999-09-21;590061842;2000-02-16
590006409;GIE IMAGERIE MÉDICALE DU DOUAISIS;05705;Tomographe à émissions;322609602;32-31-75175;32-31-75175;2019-04-16;590061867;2021-07-12
590041638;GIE NORD TEP;05705;Tomographe à émissions;322609609;32-31-1401;32-31-1401;2005-02-02;590061958;2003-09-17
590045167;C.I.N SAMBRE AVESNOIS;05705;Tomographe à émissions;322609610;32-31-75328;32-31-75328;2019-04-16;590061974;2022-01-20
590045167;C.I.N SAMBRE AVESNOIS;05701;Caméra à scintillation sans détecteur d'émission de positons;322609611;32-31-1435;32-31-1435;2007-02-27;590061974;2011-01-03
590045167;C.I.N SAMBRE AVESNOIS;05701;Caméra à scintillation sans détecteur d'émission de positons;322609612;32-31-1436;32-31-1436;2007-02-27;590061974;2011-01-03
590047452;GIE TEP DE L'UNION;05705;Tomographe à émissions;322609613;32-31-42684;32-31-42684;2009-09-16;590062006;2009-09-16
590047460;GIE NORD EST IMAGERIE;05701;Caméra à scintillation sans détecteur d'émission de positons;322609614;32-31-1226;32-31-1226;1901-01-01;590062014;2001-06-23
590047460;GIE NORD EST IMAGERIE;05702;Caméra à scintillation avec détecteur d'émission de positons;322609615;32-31-1949;32-31-1949;2009-06-16;590062014;2010-03-01
590054185;GIE HUMANITEP;05705;Tomographe à émissions;322609616;32-31-47767;32-31-47767;2013-01-14;590062071;2014-07-16
590054185;GIE HUMANITEP;05706;Caméra à positons;322609617;32-31-71016;32-31-71016;2019-04-16;590062071;2020-08-05
590054185;GIE HUMANITEP;05701;Caméra à scintillation sans détecteur d'émission de positons;322609618;32-31-76653;32-31-76653;2022-10-11;590062071;2023-01-02
590035085;SCM HERMEUGOZ;05702;Caméra à scintillation avec détecteur d'émission de positons;322609603;32-31-45378;32-31-45378;2013-01-14;590062097;2013-07-26
590035085;SCM HERMEUGOZ;05701;Caméra à scintillation sans détecteur d'émission de positons;322609604;32-31-1294;32-31-1294;1999-12-30;590062097;2001-06-19
590035085;SCM HERMEUGOZ;05705;Tomographe à émissions;322609605;32-31-70743;32-31-70743;2019-04-16;590062097;2020-09-15
590035085;SCM HERMEUGOZ;05701;Caméra à scintillation sans détecteur d'émission de positons;322609606;32-31-1292;32-31-1292;2002-07-09;590062097;2003-09-16
590051801;GCS GHICL DES HOPITAUX DE L'ICL;05602;Scanographe à utilisation médicale;322609829;32-31-75615;32-31-75615;2021-12-21;590780284;2019-05-19
590780193;CHU DE LILLE;05705;Tomographe à émissions;322609811;32-31-70744;32-31-70744;2019-04-16;590796975;2024-01-30
590780193;CHU DE LILLE;05705;Tomographe à émissions;322609621;32-31-45385;32-31-45385;2013-01-14;590796975;2015-12-21
590780193;CHU DE LILLE;05701;Caméra à scintillation sans détecteur d'émission de positons;322609622;32-31-1229;32-31-1229;1997-11-03;590796975;1997-11-03
590780193;CHU DE LILLE;05701;Caméra à scintillation sans détecteur d'émission de positons;322609623;32-31-1136;32-31-1136;1999-12-30;590796975;2000-06-09
590780193;CHU DE LILLE;05701;Caméra à scintillation sans détecteur d'émission de positons;322609624;32-31-1195;32-31-1195;2001-12-18;590796975;2002-10-17
590780193;CHU DE LILLE;44901;Caisson hyperbare;322609625;32-31-1210;32-31-1210;1998-03-03;590796975;1998-11-10
590780193;CHU DE LILLE;44901;Caisson hyperbare;322609626;32-31-1211;32-31-1211;1998-03-03;590796975;1998-11-10
590780193;CHU DE LILLE;44901;Caisson hyperbare;322609627;32-31-1212;32-31-1212;1998-03-03;590796975;1998-11-10
590780193;CHU DE LILLE;05701;Caméra à scintillation sans détecteur d'émission de positons;322609628;32-31-1232;32-31-1232;1997-11-03;590796975;1998-11-03
590780193;CHU DE LILLE;44901;Caisson hyperbare;322609629;32-31-1235;32-31-1235;2007-02-27;590796975;2007-05-31
590782421;C.H DE ROUBAIX;05706;Caméra à positons;322609831;32-31-70748;32-31-70748;2019-04-16;590801106;
590782421;C.H DE ROUBAIX;05705;Tomographe à émissions;322609832;32-31-76842;32-31-76842;2022-10-27;590801106;
590780193;CHU DE LILLE;05701;Caméra à scintillation sans détecteur d'émission de positons;322609630;32-31-1241;32-31-1241;1999-12-30;590811279;2000-11-10
590780193;CHU DE LILLE;05701;Caméra à scintillation sans détecteur d'émission de positons;322609631;32-31-1240;32-31-1240;1997-11-03;590811279;2007-11-08
590780193;CHU DE LILLE;05602;Scanographe à utilisation médicale;322609830;32-31-76845;32-31-76845;2022-10-27;590811279;
590780193;CHU DE LILLE;05705;Tomographe à émissions;322609632;32-31-1466;32-31-1466;2005-02-02;590811279;2009-02-13
600100713;CENTRE HOSPITALIER DE BEAUVAIS;05701;Caméra à scintillation sans détecteur d'émission de positons;322609644;32-22-70354;32-22-70354;2019-03-20;600000194;2021-10-26
600100713;CENTRE HOSPITALIER DE BEAUVAIS;05701;Caméra à scintillation sans détecteur d'émission de positons;322609645;32-22-649;32-22-649;2007-09-10;600000194;2008-09-12
600012835;CIRIOS;05701;Caméra à scintillation sans détecteur d'émission de positons;322609643;32-22-43827;32-22-43827;1997-05-20;600005409;1999-01-14
600012835;CIRIOS;05705;Tomographe à émissions;322609641;32-22-631;32-22-631;2004-02-27;600005409;2021-09-06
600012835;CIRIOS;05701;Caméra à scintillation sans détecteur d'émission de positons;322609642;32-22-43824;32-22-43824;2001-12-18;600005409;2017-07-21
800019317;SELAS D'IMAGERIE SCINTIGRAPHIQUE;05705;Tomographe à émissions;322609761;32-22-59691;32-22-59691;2016-06-07;600013791;2020-06-05
600112056;GIE CIMA;05705;Tomographe à émissions;322609646;32-22-860;32-22-860;2010-03-25;600112445;2021-08-09
600112056;GIE CIMA;05701;Caméra à scintillation sans détecteur d'émission de positons;322609647;32-22-609;32-22-609;2001-07-18;600112445;2002-01-22
600112056;GIE CIMA;05701;Caméra à scintillation sans détecteur d'émission de positons;322609648;32-22-662;32-22-662;2003-11-24;600112445;2004-05-11
620003814;FONDATION HOPALE;05701;Caméra à scintillation sans détecteur d'émission de positons;322609649;32-31-1182;32-31-1182;1997-11-07;620000026;2001-09-26
620100651;CENTRE HOSPITALIER BETHUNE BEUVRY;05701;Caméra à scintillation sans détecteur d'émission de positons;322609658;32-31-1192;32-31-1192;2004-06-15;620000224;2005-10-11
620100651;CENTRE HOSPITALIER BETHUNE BEUVRY;05705;Tomographe à émissions;322609659;32-31-1315;32-31-1315;2003-02-19;620000224;2005-10-11
620100651;CENTRE HOSPITALIER BETHUNE BEUVRY;05701;Caméra à scintillation sans détecteur d'émission de positons;322609660;32-31-1165;32-31-1165;2001-12-18;620000224;2003-11-28
620103440;CH DE BOULOGNE-SUR-MER;05705;Tomographe à émissions;322609661;32-31-54353;32-31-54353;2015-08-04;620000653;2018-10-24
620103440;CH DE BOULOGNE-SUR-MER;05701;Caméra à scintillation sans détecteur d'émission de positons;322609662;32-31-1239;32-31-1239;2014-08-21;620000653;2001-11-26
620103440;CH DE BOULOGNE-SUR-MER;05702;Caméra à scintillation avec détecteur d'émission de positons;322609663;32-31-1188;32-31-1188;2001-12-18;620000653;2005-10-14
620103440;CH DE BOULOGNE-SUR-MER;05705;Tomographe à émissions;322609664;32-31-1402;32-31-1402;2003-03-31;620000653;2006-01-17
620027821;SAS TEP JEAN PERRIN;05705;Tomographe à émissions;322609653;32-31-46284;32-31-46284;2009-06-16;620029942;2011-02-10
620026898;GCS CENTRE DE CANCEROLOGIE DE L'ARTOIS;05705;Tomographe à émissions;322609833;32-31-70710;32-31-70710;2019-04-16;620033779;
620019067;S.I.M.B.B. DE BOIS-BERNARD;05701;Caméra à scintillation sans détecteur d'émission de positons;322609650;32-31-1272;32-31-1272;2003-03-18;620033910;2008-02-08
620019067;S.I.M.B.B. DE BOIS-BERNARD;05701;Caméra à scintillation sans détecteur d'émission de positons;322609651;32-31-1271;32-31-1271;2004-06-15;620033910;2004-11-21
620019067;S.I.M.B.B. DE BOIS-BERNARD;05701;Caméra à scintillation sans détecteur d'émission de positons;322609652;32-31-1270;32-31-1270;2000-12-30;620033910;2001-06-30
620030163;SAS TEP HENRI BECQUEREL;05705;Tomographe à émissions;322609654;32-31-46285;32-31-46285;2013-01-14;620034017;2016-01-27
620035949;RADIOPOLE ARTOIS (SIMRA);05701;Caméra à scintillation sans détecteur d'émission de positons;322609655;32-31-51239;32-31-51239;2007-02-27;620035956;2011-02-10
620035949;RADIOPOLE ARTOIS (SIMRA);05701;Caméra à scintillation sans détecteur d'émission de positons;322609656;32-31-1409;32-31-1409;2004-10-19;620035956;2004-10-19
620035949;RADIOPOLE ARTOIS (SIMRA);05701;Caméra à scintillation sans détecteur d'émission de positons;322609657;32-31-1408;32-31-1408;2004-10-19;620035956;2004-10-19
630781110;CENTRE LUTTE CONTRE LE CANCER J.PERRIN;05705;Tomographe à émissions;842609669;84-83-35832;84-83-35832;2001-07-30;630000479;2004-04-22
630781110;CENTRE LUTTE CONTRE LE CANCER J.PERRIN;05701;Caméra à scintillation sans détecteur d'émission de positons;842609670;84-83-35838;84-83-35838;2009-07-01;630000479;2010-03-09
630781110;CENTRE LUTTE CONTRE LE CANCER J.PERRIN;05701;Caméra à scintillation sans détecteur d'émission de positons;842609671;84-83-35842;84-83-35842;2008-11-17;630000479;2008-11-17
630781110;CENTRE LUTTE CONTRE LE CANCER J.PERRIN;05701;Caméra à scintillation sans détecteur d'émission de positons;842609672;84-83-35941;84-83-35941;2002-07-09;630000479;1998-12-01
630781110;CENTRE LUTTE CONTRE LE CANCER J.PERRIN;05705;Tomographe à émissions;842609673;84-83-45220;84-83-45220;2013-01-28;630000479;2014-10-01
630781110;CENTRE LUTTE CONTRE LE CANCER J.PERRIN;05701;Caméra à scintillation sans détecteur d'émission de positons;842609674;84-83-35839;84-83-35839;2000-12-29;630000479;1998-12-01
630003838;SCINTIDOME;05701;Caméra à scintillation sans détecteur d'émission de positons;842609665;84-83-35938;84-83-35938;2003-02-18;630004018;2004-07-06
630003838;SCINTIDOME;05701;Caméra à scintillation sans détecteur d'émission de positons;842609666;84-83-35937;84-83-35937;2006-02-14;630004018;2006-11-13
630003838;SCINTIDOME;05701;Caméra à scintillation sans détecteur d'émission de positons;842609667;84-83-63729;84-83-63729;2017-04-25;630004018;2019-11-04
630003838;SCINTIDOME;05705;Tomographe à émissions;842609668;84-83-67911;84-83-67911;2018-11-29;630004018;2021-11-17
660000407;CL ST PIERRE;44901;Caisson hyperbare;762609675;76-91-1079;76-91-1079;1997-12-10;660780784;1998-08-03
670004449;SCM SCANNER PAYS BRUCHE-PIÉMONT-MOSSIG;05602;Scanographe à utilisation médicale;442609676;44-42-569;44-42-569;2003-07-01;670004498;2004-07-22
680019213;"GCS ""TEP HAUTE ALSACE""";05705;Tomographe à émissions;442609678;44-42-768;44-42-768;2007-07-12;680019320;2010-10-05
690783220;CLC A LYON ET EN RHONE-ALPES;05701;Caméra à scintillation sans détecteur d'émission de positons;842609703;84-82-1843;84-82-1843;2000-06-21;690000880;2000-12-16
690783220;CLC A LYON ET EN RHONE-ALPES;05705;Tomographe à émissions;842609704;84-82-1731;84-82-1731;2003-02-17;690000880;2004-06-02
690783220;CLC A LYON ET EN RHONE-ALPES;05701;Caméra à scintillation sans détecteur d'émission de positons;842609705;84-82-1844;84-82-1844;2001-12-24;690000880;2005-02-07
690055850;SAS VASELINA;05701;Caméra à scintillation sans détecteur d'émission de positons;842609684;84-82-1847;84-82-1847;2005-05-11;690021449;2005-05-11
690055850;SAS VASELINA;05705;Tomographe à émissions;842609685;84-82-1833;84-82-1833;2005-02-15;690021449;2007-02-28
690055850;SAS VASELINA;05701;Caméra à scintillation sans détecteur d'émission de positons;842609686;84-82-1846;84-82-1846;2005-03-02;690021449;2005-07-26
690781810;HOSPICES CIVILS DE LYON;05705;Tomographe à émissions;842609695;84-82-4714;84-82-4714;2010-03-17;690034376;2013-01-07
690781810;HOSPICES CIVILS DE LYON;05701;Caméra à scintillation sans détecteur d'émission de positons;842609697;84-82-1809;84-82-1809;1997-09-08;690034376;2007-11-20
690057336;GCS MEDECINE NUCLEAIRE LYON NORD;05701;Caméra à scintillation sans détecteur d'émission de positons;842609688;84-82-1808;84-82-1808;2004-05-12;690042346;2005-01-11
690057336;GCS MEDECINE NUCLEAIRE LYON NORD;05701;Caméra à scintillation sans détecteur d'émission de positons;842609689;84-82-1845;84-82-1845;2004-11-10;690042346;2005-02-07
690057336;GCS MEDECINE NUCLEAIRE LYON NORD;05705;Tomographe à émissions;842609690;84-82-4161;84-82-4161;2008-05-14;690042346;2012-06-05
690034368;IMHOTEP;05705;Tomographe à émissions;842609691;84-82-4713;84-82-4713;2010-03-17;690042361;2011-09-08
690003405;MEDECINE NUCLEAIRE DE LA DOUA;05705;Tomographe à émissions;842609834;84-82-77674;84-82-77674;2022-02-23;690056528;2025-07-02
690781810;HOSPICES CIVILS DE LYON;44901;Caisson hyperbare;842609698;84-82-1753;84-82-1753;2004-05-12;690783154;2004-11-04
690781810;HOSPICES CIVILS DE LYON;05701;Caméra à scintillation sans détecteur d'émission de positons;842609694;84-82-1842;84-82-1842;2001-06-25;690784137;2002-04-10
690781810;HOSPICES CIVILS DE LYON;05705;Tomographe à émissions;842609699;84-82-1761;84-82-1761;2001-04-05;690784137;2003-03-06
690781810;HOSPICES CIVILS DE LYON;05701;Caméra à scintillation sans détecteur d'émission de positons;842609700;84-82-1813;84-82-1813;2006-12-13;690784137;2008-05-27
690781810;HOSPICES CIVILS DE LYON;05705;Tomographe à émissions;842609835;84-82-77675;84-82-77675;2022-02-23;690784137;
690781810;HOSPICES CIVILS DE LYON;05705;Tomographe à émissions;842609692;84-82-60064;84-82-60064;2016-10-03;690784186;2016-10-03
690781810;HOSPICES CIVILS DE LYON;05705;Tomographe à émissions;842609693;84-82-49444;84-82-49444;2013-11-18;690784186;2014-11-06
690781810;HOSPICES CIVILS DE LYON;05701;Caméra à scintillation sans détecteur d'émission de positons;842609696;84-82-1811;84-82-1811;2003-05-14;690784186;2005-04-06
690781810;HOSPICES CIVILS DE LYON;05701;Caméra à scintillation sans détecteur d'émission de positons;842609701;84-82-1840;84-82-1840;2006-12-13;690784186;2008-03-10
690781810;HOSPICES CIVILS DE LYON;05701;Caméra à scintillation sans détecteur d'émission de positons;842609702;84-82-1841;84-82-1841;2003-11-12;690784186;2020-09-14
690003405;MEDECINE NUCLEAIRE DE LA DOUA;05701;Caméra à scintillation sans détecteur d'émission de positons;842609679;84-82-5447;84-82-5447;2007-07-11;690807219;2010-05-11
690003405;MEDECINE NUCLEAIRE DE LA DOUA;05701;Caméra à scintillation sans détecteur d'émission de positons;842609680;84-82-1806;84-82-1806;2000-06-21;690807219;2004-06-07
690003405;MEDECINE NUCLEAIRE DE LA DOUA;05701;Caméra à scintillation sans détecteur d'émission de positons;842609681;84-82-1805;84-82-1805;2007-03-14;690807219;2007-03-14
700004229;GCS MEDECINE NUCLEAIRE 70;05701;Caméra à scintillation sans détecteur d'émission de positons;272609706;27-43-44133;27-43-44133;2010-02-24;700004856;2011-02-10
710013160;SELARL NUCLEARIS;05702;Caméra à scintillation avec détecteur d'émission de positons;272609707;27-26-45671;27-26-45671;2010-04-27;710006529;2014-03-20
710013160;SELARL NUCLEARIS;05702;Caméra à scintillation avec détecteur d'émission de positons;272609710;27-26-35664;27-26-35664;2008-11-14;710006529;2009-09-25
210001343;CENTRE DE MEDECINE NUCLEAIRE DU PARC;05701;Caméra à scintillation sans détecteur d'émission de positons;272609486;27-26-45674;27-26-45674;2006-03-13;710011297;2007-06-07
210001343;CENTRE DE MEDECINE NUCLEAIRE DU PARC;05701;Caméra à scintillation sans détecteur d'émission de positons;272609487;27-26-45675;27-26-45675;2006-03-14;710011297;2007-06-07
710013160;SELARL NUCLEARIS;05701;Caméra à scintillation sans détecteur d'émission de positons;272609708;27-26-35573;27-26-35573;2006-12-14;710014739;2008-06-09
710013160;SELARL NUCLEARIS;05701;Caméra à scintillation sans détecteur d'émission de positons;272609709;27-26-45689;27-26-45689;2009-06-12;710014739;2009-11-27
710015025;SOCIETE CIVILE DE MOYENS TEP CHALON;05705;Tomographe à émissions;272609711;27-26-35577;27-26-35577;2003-03-07;710015033;2004-11-04
710015850;SCM TEP MACON;05705;Tomographe à émissions;272609712;27-26-66459;27-26-66459;2018-05-30;710015868;2019-08-27
730000015;CENTRE HOSPITALIER METROPOLE SAVOIE;05701;Caméra à scintillation sans détecteur d'émission de positons;842609713;84-82-1849;84-82-1849;2002-11-13;730000031;2008-07-08
730000015;CENTRE HOSPITALIER METROPOLE SAVOIE;05701;Caméra à scintillation sans détecteur d'émission de positons;842609714;84-82-1848;84-82-1848;2001-12-31;730000031;2002-05-20
730000015;CENTRE HOSPITALIER METROPOLE SAVOIE;05701;Caméra à scintillation sans détecteur d'émission de positons;842609715;84-82-1850;84-82-1850;2005-11-09;730000031;2008-07-08
730000015;CENTRE HOSPITALIER METROPOLE SAVOIE;05705;Tomographe à émissions;842609716;84-82-4747;84-82-4747;2007-07-11;730000031;2010-03-17
740002019;SELAS CTRE D'IMAGERIE NUCL D'ANNECY;05701;Caméra à scintillation sans détecteur d'émission de positons;842609717;84-82-1854;84-82-1854;2006-12-13;740011077;2002-11-16
740002019;SELAS CTRE D'IMAGERIE NUCL D'ANNECY;05705;Tomographe à émissions;842609718;84-82-1768;84-82-1768;2006-01-31;740011077;2007-11-16
740002019;SELAS CTRE D'IMAGERIE NUCL D'ANNECY;05701;Caméra à scintillation sans détecteur d'émission de positons;842609719;84-82-1853;84-82-1853;2005-11-09;740011077;2003-10-29
740790258;CH ALPES LEMAN;05705;Tomographe à émissions;842609720;84-82-60065;84-82-60065;2016-10-03;740781141;2018-01-31
740790258;CH ALPES LEMAN;05701;Caméra à scintillation sans détecteur d'émission de positons;842609721;84-82-1822;84-82-1822;2002-06-12;740781141;2004-05-07
740790258;CH ALPES LEMAN;05701;Caméra à scintillation sans détecteur d'émission de positons;842609722;84-82-1823;84-82-1823;1998-06-09;740781141;1998-06-09
740790258;CH ALPES LEMAN;05701;Caméra à scintillation sans détecteur d'émission de positons;842609723;84-82-1821;84-82-1821;2002-11-13;740781141;2022-09-20
750150120;FONDATION HOPITAL SAINT-JOSEPH;05602;Scanographe à utilisation médicale;112609724;11-11-62838;11-11-62838;2016-12-09;750000523;2017-11-06
750150229;FONDATION ADOLPHE DE ROTHSCHILD;05602;Scanographe à utilisation médicale;112609725;11-11-68658;11-11-68658;2018-12-26;750000549;2019-01-09
750712184;ASSISTANCE PUBLIQUE-HOPITAUX DE PARIS;05602;Scanographe à utilisation médicale;112609729;11-11-75495;11-11-75495;2019-12-20;750100075;2021-01-06
750712184;ASSISTANCE PUBLIQUE-HOPITAUX DE PARIS;05602;Scanographe à utilisation médicale;112609726;11-11-62837;11-11-62837;2016-12-09;750100125;2019-01-07
750712184;ASSISTANCE PUBLIQUE-HOPITAUX DE PARIS;05602;Scanographe à utilisation médicale;112609728;11-11-68656;11-11-68656;2018-12-26;750100273;2021-02-10
750813321;FONDATION CURIE;05602;Scanographe à utilisation médicale;112609739;11-11-54103;11-11-54103;2015-06-02;750160012;2016-11-07
750813321;FONDATION CURIE;05602;Scanographe à utilisation médicale;112609740;11-11-64377;11-11-64377;2017-06-29;750160012;2018-09-03
750026569;SAS HOPITAL PRIVE DES PEUPLIERS;05602;Scanographe à utilisation médicale;112609836;11-11-75756;11-11-75756;2022-01-19;750300360;
750712184;ASSISTANCE PUBLIQUE-HOPITAUX DE PARIS;05602;Scanographe à utilisation médicale;112609727;11-11-62836;11-11-62836;2016-12-09;750803447;2017-06-12
770003598;SELAS EVESIO CMN IDF;05701;Caméra à scintillation sans détecteur d'émission de positons;112609743;11-11-2795;11-11-2795;1999-06-16;770013779;2001-04-25
770003598;SELAS EVESIO CMN IDF;05705;Tomographe à émissions;112609744;11-11-3867;11-11-3867;2006-12-19;770013779;2009-01-09
770003598;SELAS EVESIO CMN IDF;05701;Caméra à scintillation sans détecteur d'émission de positons;112609745;11-11-4111;11-11-4111;2009-04-28;770013779;2009-09-11
770003598;SELAS EVESIO CMN IDF;05705;Tomographe à émissions;112609741;11-11-70690;11-11-70690;2019-04-11;770020527;2019-08-19
770003598;SELAS EVESIO CMN IDF;05701;Caméra à scintillation sans détecteur d'émission de positons;112609742;11-11-1414;11-11-1414;2001-12-11;770020527;2003-11-19
770003598;SELAS EVESIO CMN IDF;05705;Tomographe à émissions;112609746;11-11-5054;11-11-5054;2010-06-25;770020527;2012-01-13
770003598;SELAS EVESIO CMN IDF;05701;Caméra à scintillation sans détecteur d'émission de positons;112609747;11-11-1413;11-11-1413;1998-12-30;770020527;1999-09-23
770013829;GIE IRM SCANNER SUD 77;06201;Appareil d'IRM à utilisation clinique;112609749;11-11-44740;11-11-44740;2012-11-15;770021079;2016-06-22
770013829;GIE IRM SCANNER SUD 77;05602;Scanographe à utilisation médicale;112609748;11-11-1404;11-11-1404;2000-07-19;770021244;2001-05-04
770026177;GIE IMAGERIE DE LA GOELE;05602;Scanographe à utilisation médicale;112609812;11-11-76003;11-11-76003;2022-01-20;770026185;2024-02-26
780110078;CENTRE HOSPITALIER  DE VERSAILLES;05705;Tomographe à émissions;112609750;11-11-40607;11-11-40607;2012-02-24;780800256;2015-05-12
780110078;CENTRE HOSPITALIER  DE VERSAILLES;05701;Caméra à scintillation sans détecteur d'émission de positons;112609751;11-11-6300;11-11-6300;2011-06-24;780800256;2011-11-02
780110078;CENTRE HOSPITALIER  DE VERSAILLES;05701;Caméra à scintillation sans détecteur d'émission de positons;112609752;11-11-1433;11-11-1433;1996-12-18;780800256;2000-02-25
790015168;SCM LIBERALE IRM DES DEUX-SEVRES;06201;Appareil d'IRM à utilisation clinique;752609754;75-54-43378;75-54-43378;2012-03-20;790015978;2012-07-07
790016711;SAS SCANNER 79;05602;Scanographe à utilisation médicale;752609755;75-54-538;75-54-538;2006-05-22;790016067;2006-07-27
790006647;GIE CABINET RADIO DE LA BURGONCE;06201;Appareil d'IRM à utilisation clinique;752609753;75-54-76057;75-54-76057;2021-12-17;790019145;2022-03-09
790015168;SCM LIBERALE IRM DES DEUX-SEVRES;05602;Scanographe à utilisation médicale;752609838;75-54-74737;75-54-74737;2021-03-19;790020739;2025-01-07
790006647;GIE CABINET RADIO DE LA BURGONCE;06201;Appareil d'IRM à utilisation clinique;752609837;75-54-78013;75-54-78013;2023-04-25;790021133;2025-01-06
800000044;CHU AMIENS-PICARDIE;05701;Caméra à scintillation sans détecteur d'émission de positons;322609756;32-22-665;32-22-665;2002-05-22;800006124;2002-10-28
800000044;CHU AMIENS-PICARDIE;05705;Tomographe à émissions;322609757;32-22-70742;32-22-70742;2019-04-16;800006124;2023-06-28
800000044;CHU AMIENS-PICARDIE;05701;Caméra à scintillation sans détecteur d'émission de positons;322609758;32-22-615;32-22-615;1998-01-29;800006124;1998-08-03
800000044;CHU AMIENS-PICARDIE;05701;Caméra à scintillation sans détecteur d'émission de positons;322609759;32-22-616;32-22-616;1997-11-26;800006124;2003-02-03
800000044;CHU AMIENS-PICARDIE;05705;Tomographe à émissions;322609760;32-22-608;32-22-608;2000-06-30;800006124;2004-06-29
800019317;SELAS D'IMAGERIE SCINTIGRAPHIQUE;05701;Caméra à scintillation sans détecteur d'émission de positons;322609762;32-22-844;32-22-844;2001-07-24;800019325;2007-01-24
800019317;SELAS D'IMAGERIE SCINTIGRAPHIQUE;05705;Tomographe à émissions;322609764;32-22-642;32-22-642;2004-10-12;800019325;2004-10-12
800019317;SELAS D'IMAGERIE SCINTIGRAPHIQUE;05701;Caméra à scintillation sans détecteur d'émission de positons;322609765;32-22-828;32-22-828;2008-11-28;800019325;2009-10-07
800019317;SELAS D'IMAGERIE SCINTIGRAPHIQUE;05705;Tomographe à émissions;322609839;32-22-76494;32-22-76494;2022-06-30;800019325;
840013049;SARL SOC EXPLOIT CAIS HYPERB SITE CLIN;44901;Caisson hyperbare;932609766;93-93-4394;93-93-4394;2007-05-23;840020341;2007-05-23
870000031;CTRE HOSPITALIER J BOUTARD ST YRIEIX;05602;Scanographe à utilisation médicale;752609767;75-74-35817;75-74-35817;2010-12-02;870000270;2011-04-21
870015526;GIE GROUPEMENT D'IMAGERIE MEDICALE;06201;Appareil d'IRM à utilisation clinique;752609768;75-74-35818;75-74-35818;2001-02-26;870011558;2001-02-26
210001343;CENTRE DE MEDECINE NUCLEAIRE DU PARC;05701;Caméra à scintillation sans détecteur d'émission de positons;272609490;27-26-35675;27-26-35675;2006-12-14;890008758;2009-04-24
210001343;CENTRE DE MEDECINE NUCLEAIRE DU PARC;05705;Tomographe à émissions;272609484;27-26-42535;27-26-42535;2009-06-12;890008774;2012-05-03
210001343;CENTRE DE MEDECINE NUCLEAIRE DU PARC;05702;Caméra à scintillation avec détecteur d'émission de positons;272609485;27-26-45182;27-26-45182;2011-11-03;890008774;2013-11-22
210001343;CENTRE DE MEDECINE NUCLEAIRE DU PARC;05702;Caméra à scintillation avec détecteur d'émission de positons;272609488;27-26-45673;27-26-45673;2004-03-15;890008774;2007-10-09
900004011;GIE MEDECINE NUCLEAIRE NORD F COMTE;05701;Caméra à scintillation sans détecteur d'émission de positons;272609769;27-43-35634;27-43-35634;2006-07-25;900003963;2017-03-21
900004011;GIE MEDECINE NUCLEAIRE NORD F COMTE;05701;Caméra à scintillation sans détecteur d'émission de positons;272609770;27-43-35635;27-43-35635;2006-12-19;900003963;2006-12-19
900004011;GIE MEDECINE NUCLEAIRE NORD F COMTE;05701;Caméra à scintillation sans détecteur d'émission de positons;272609771;27-43-35642;27-43-35642;2000-12-11;900003963;2010-01-12
900004011;GIE MEDECINE NUCLEAIRE NORD F COMTE;05705;Tomographe à émissions;272609772;27-43-35734;27-43-35734;2006-01-30;900003963;2009-03-30
910002773;CENTRE HOSPITALIER SUD FRANCILIEN;05602;Scanographe à utilisation médicale;112609773;11-11-199;11-11-199;2003-05-14;910020254;2003-05-14
910002773;CENTRE HOSPITALIER SUD FRANCILIEN;06201;Appareil d'IRM à utilisation clinique;112609774;11-11-39422;11-11-39422;2011-06-24;910020254;2015-03-25
910002773;CENTRE HOSPITALIER SUD FRANCILIEN;05705;Tomographe à émissions;112609775;11-11-39479;11-11-39479;2009-12-18;910020254;2014-01-07
910002773;CENTRE HOSPITALIER SUD FRANCILIEN;05701;Caméra à scintillation sans détecteur d'émission de positons;112609776;11-11-1462;11-11-1462;1992-05-07;910020254;1992-05-07
910002773;CENTRE HOSPITALIER SUD FRANCILIEN;05701;Caméra à scintillation sans détecteur d'émission de positons;112609777;11-11-1463;11-11-1463;1995-07-06;910020254;2006-12-13
910002773;CENTRE HOSPITALIER SUD FRANCILIEN;05602;Scanographe à utilisation médicale;112609778;11-11-1426;11-11-1426;2004-06-15;910020254;2005-06-29
750813321;FONDATION CURIE;06301;Cyclotron à utilisation médicale;112609738;11-11-197;11-11-197;1901-01-01;910813732;2005-09-27
920150059;ASSOCIATION HOPITAL FOCH;05701;Caméra à scintillation sans détecteur d'émission de positons;112609780;11-11-2107;11-11-2107;1999-12-30;920000650;2001-04-17
920150059;ASSOCIATION HOPITAL FOCH;05701;Caméra à scintillation sans détecteur d'émission de positons;112609781;11-11-2108;11-11-2108;2003-10-14;920000650;2006-03-02
920024775;SCM ANGIO SCAN;05602;Scanographe à utilisation médicale;112609779;11-11-50737;11-11-50737;2014-05-26;920012978;2016-09-22
750712184;ASSISTANCE PUBLIQUE-HOPITAUX DE PARIS;05602;Scanographe à utilisation médicale;112609730;11-11-75896;11-11-75896;2022-01-20;920100039;2023-10-30
930025614;GIE TEP - SAINT-DENIS;05705;Tomographe à émissions;112609790;11-11-51069;11-11-51069;2014-06-04;930025622;2015-09-28
930022967;GCS - ONNU;05705;Tomographe à émissions;112609789;11-11-4098;11-11-4098;2009-04-28;930025671;2010-07-27
930004189;GIE IRM DE SAINT DENIS;06201;Appareil d'IRM à utilisation clinique;112609784;11-11-1498;11-11-1498;2000-08-21;930026869;2002-10-31
930021209;MEDECINE ET IMAGERIE NUCLEAIRE - MIN;05701;Caméra à scintillation sans détecteur d'émission de positons;112609788;11-11-4921;11-11-4921;2009-12-18;930026877;2013-12-18
930021209;MEDECINE ET IMAGERIE NUCLEAIRE - MIN;05701;Caméra à scintillation sans détecteur d'émission de positons;112609785;11-11-2806;11-11-2806;2000-06-06;930026935;2001-05-03
930021209;MEDECINE ET IMAGERIE NUCLEAIRE - MIN;05701;Caméra à scintillation sans détecteur d'émission de positons;112609786;11-11-2807;11-11-2807;2000-06-06;930026935;2001-05-03
930021209;MEDECINE ET IMAGERIE NUCLEAIRE - MIN;05701;Caméra à scintillation sans détecteur d'émission de positons;112609787;11-11-2951;11-11-2951;2004-04-20;930026935;2005-11-25
930028915;GIE TEP DELAFONTAINE PLAINE DE FRANCE;05705;Tomographe à émissions;112609791;11-11-70729;11-11-70729;2019-04-11;930028923;2019-09-16
930033014;SAS IMANUC;05705;Tomographe à émissions;112609792;11-11-70668;11-11-70668;2019-04-11;930033022;2022-06-22
750712184;ASSISTANCE PUBLIQUE-HOPITAUX DE PARIS;05701;Caméra à scintillation sans détecteur d'émission de positons;112609731;11-11-1504;11-11-1504;2003-10-14;930100037;2008-06-30
750712184;ASSISTANCE PUBLIQUE-HOPITAUX DE PARIS;05701;Caméra à scintillation sans détecteur d'émission de positons;112609732;11-11-1505;11-11-1505;2003-05-20;930100037;2008-06-30
750712184;ASSISTANCE PUBLIQUE-HOPITAUX DE PARIS;05705;Tomographe à émissions;112609733;11-11-1506;11-11-1506;2002-05-03;930100037;2008-06-30
930000393;SAS HOP PRIVE EUROPEEN DE PARIS GVM;05701;Caméra à scintillation sans détecteur d'émission de positons;112609782;11-11-1523;11-11-1523;2004-05-18;930300025;2004-05-18
930000393;SAS HOP PRIVE EUROPEEN DE PARIS GVM;05701;Caméra à scintillation sans détecteur d'émission de positons;112609783;11-11-1522;11-11-1522;1999-12-30;930300025;2002-06-17
940160013;INSTITUT GUSTAVE ROUSSY;05602;Scanographe à utilisation médicale;112609793;11-11-59713;11-11-59713;2016-06-21;940000664;2017-09-05
940160013;INSTITUT GUSTAVE ROUSSY;05602;Scanographe à utilisation médicale;112609794;11-11-1560;11-11-1560;2006-01-17;940000664;2019-03-25
950001859;TEP PARIS NORD;05705;Tomographe à émissions;112609795;11-11-74063;11-11-74063;2020-10-13;950014068;2023-06-12
950001859;TEP PARIS NORD;05701;Caméra à scintillation sans détecteur d'émission de positons;112609796;11-11-4132;11-11-4132;2005-11-29;950014068;2020-08-19
950001859;TEP PARIS NORD;05701;Caméra à scintillation sans détecteur d'émission de positons;112609797;11-11-2970;11-11-2970;2004-04-20;950014068;2004-04-20
950001859;TEP PARIS NORD;05705;Tomographe à émissions;112609798;11-11-3828;11-11-3828;2008-06-24;950014068;2009-07-20
970100228;C.H.U. DE LA GUADELOUPE;44901;Caisson hyperbare;012609799;01-01-35455;01-01-35455;1976-01-01;970100442;2012-05-03
970211207;CHU DE MARTINIQUE;44901;Caisson hyperbare;022609800;02-02-45507;02-02-45507;2011-06-15;970211215;2011-06-15
970408589;CHU DE LA REUNION;05705;Tomographe à émissions;042609801;04-04-43092;04-04-43092;2012-04-20;970400024;2013-05-01
970408589;CHU DE LA REUNION;05701;Caméra à scintillation sans détecteur d'émission de positons;042609802;04-04-63208;04-04-63208;2009-09-06;970400024;2009-09-07
970408589;CHU DE LA REUNION;05705;Tomographe à émissions;042609804;04-04-77622;04-04-77622;2023-05-30;970400024;2023-11-02
970408589;CHU DE LA REUNION;05701;Caméra à scintillation sans détecteur d'émission de positons;042609805;04-04-35489;04-04-35489;1998-12-30;970400024;1998-12-30
970408589;CHU DE LA REUNION;05701;Caméra à scintillation sans détecteur d'émission de positons;042609806;04-04-35495;04-04-35495;1999-10-29;970400024;1999-10-29
970408589;CHU DE LA REUNION;44901;Caisson hyperbare;042609803;04-04-70741;04-04-70741;2019-04-01;970400057;2023-11-30
970500005;CENTRE HOSPITALIER FRANCOIS DUNAN;05602;Scanographe à utilisation médicale;052609807;75-72-78670;75-72-78670;2015-01-20;970500039;2015-01-21
980500003;CENTRE HOSPITALIER DE MAYOTTE;44901;Caisson hyperbare;062609808;04-06-70576;04-06-70576;2019-03-13;980500011;2019-03-14
980500003;CENTRE HOSPITALIER DE MAYOTTE;05602;Scanographe à utilisation médicale;062609843;06-06-75865;06-06-75865;2021-12-01;980500011;
980500532;CENTRE D'IMAGERIE MEDICALE MAHORAIS;05602;Scanographe à utilisation médicale;062609809;06-06-75333;06-06-75333;2016-06-15;980500540;2016-06-15
980500771;GROUPEMENT INTERET ECOMONIQUE MAYOTTE;06201;Appareil d'IRM à utilisation clinique;062609810;04-06-71062;04-06-71062;2019-03-13;980500789;2019-10-28
980500771;GROUPEMENT INTERET ECOMONIQUE MAYOTTE;06201;Appareil d'IRM à utilisation clinique;062609844;06-06-78742;06-06-78742;2023-03-31;980500789;
